31GN6YMHLP469RZ8ZXO8UYKDYYFSWL,A1IZ4NX41GKU4X,4
3Y40HMYLL1U1D4W2Y7FUBIG8SX6XUZ,A26ZENZ5G8AEGM,3
3EPG8DX9LK2FJG4WBFX59T2PRH55P2,A29VL3MZE7YPBZ,5
37Y5RYYI0PHLYR4Y92KUWHYK70LSXE,A29VL3MZE7YPBZ,4
3XEDXEGFX30FDILF1HMLWHKZGZO0KB,A29VL3MZE7YPBZ,3
3PGQRAZX02WAYWU8EY6WFV5T96FSYK,A1MIR0TP081SKT,5
32PT7WK7DMR3G4E2SNIHU2NGZ2BD36,A29VL3MZE7YPBZ,5
3QX22DUVOOTQW7MYPQNQWN2TZ0VVM2,A1IZ4NX41GKU4X,4
3A520CCNWNC8SVRNXX8BNSJ75O4AES,A29VL3MZE7YPBZ,4
302U8RURJZDWEP7Y1R2Q92RT4Q5VN2,A29VL3MZE7YPBZ,4
371Q3BEXDHLA3M4DAK8FT2EVF0JSZB,A29VL3MZE7YPBZ,5
38F60IALAGTEG1B2VQ0DX87VZCET09,A29VL3MZE7YPBZ,2
3D1UCPY6GGLRZ9IBBF718A9FOBE38Q,A29VL3MZE7YPBZ,4
39O6Z4JLX291QJL23XPZ74IR64FXVO,A299J4PKHAEU9H,4
3UEDKCTP9V2TVTLZMG7UBWUMODU7KI,A1IZ4NX41GKU4X,2
3ZXNP4Z39RX4FZ3H7GJVQW71DDZ7LL,A29VL3MZE7YPBZ,4
3X0EMNLXEP1WHAJBH6FIDRWO456VPY,A29VL3MZE7YPBZ,4
3TUOHPJXYH9E58L7T7UVT615DDHXWY,A29VL3MZE7YPBZ,3
371QPA24C20ENQWKR94DBDQ544KT1C,A29VL3MZE7YPBZ,2
304QEQWKZPWY396UZ9EE3Y1804Y0OV,A29VL3MZE7YPBZ,3
3Y3CZJSZ9K50VTKBO71UEO24SZT5RU,A1IZ4NX41GKU4X,5
3I7SHAD35M8OLHL27SKAQ9MQDIP7MN,A29VL3MZE7YPBZ,4
3SA4EMRVJVEGO9IVE9RTSY6YA9U0PC,A320QA9HJFUOZO,2
3YO4AH2FPDW1OLJAEM6IS3W8F5G0Q3,A29VL3MZE7YPBZ,3
3ZFRE2BDQ9QIZ3QC4UE2SAVNUFLXZO,A1IZ4NX41GKU4X,2
3MGHRFQY2L1AXNAW5WNC5PZAEEWY03,A1MIR0TP081SKT,5
33EEIIWHK7JHHMKQHJU7DWMY91SVQP,A29VL3MZE7YPBZ,2
3L21G7IH478A4CVE1FRCJUIKJ62Y16,A299J4PKHAEU9H,4
3YZ7A3YHR55CW8KO3W1Z4Y70E1C5SI,A1IZ4NX41GKU4X,5
3OID399FXGJYWGUVCIJJVBCD2SGFDH,A29VL3MZE7YPBZ,5
3N7PQ0KLI5188AS2OIT10K51ZEC3EP,A2MPA5OAT635HG,4
3UUIU9GZC5HDB8X3SW6PE33MGKQ5T7,A29VL3MZE7YPBZ,4
3CKVGCS3PGHD11YN6QVNN3B9XT10SS,A1MIR0TP081SKT,3
3UUSLRKAULFLHNFPUZL77JZW44XD7B,A1IZ4NX41GKU4X,5
3NFWQRSHVEQ1804ME8KR1WFAFKWFGR,A1IZ4NX41GKU4X,5
31MCUE39BKY6SOOTUDJP0NQDCUR3G6,A27VBVMMEX9GJB,4
3PA41K45VNGU6KIFZ8C27DGLIN07PJ,A1MIR0TP081SKT,5
36JW4WBR06WF8WZXYE29MWRBUK9FHQ,A29VL3MZE7YPBZ,3
3INZSNUD802PV63I9WJRLFQ2ZULD9N,A29VL3MZE7YPBZ,3
3AJA9FLWSCAF4RAH4WKUM8SQUXOFIJ,A1IZ4NX41GKU4X,5
3KVQ0UJWPXX53P1XN1B01NALKE85WX,A29VL3MZE7YPBZ,3
